{
  "loss": [
    1.919291377067566,
    1.8316320180892944,
    1.814833641052246,
    1.7721549272537231,
    1.7155184745788574,
    1.6739152669906616,
    1.6385947465896606,
    1.6218879222869873,
    1.5997227430343628,
    1.5824211835861206,
    1.5734883546829224,
    1.5619744062423706,
    1.5547229051589966,
    1.5464680194854736,
    1.5380220413208008,
    1.5300103425979614,
    1.5237270593643188,
    1.5123181343078613,
    1.5027812719345093,
    1.4915300607681274,
    1.4846954345703125,
    1.4752793312072754,
    1.4712016582489014,
    1.4657471179962158,
    1.458706021308899,
    1.4579168558120728,
    1.4471800327301025,
    1.4190824031829834,
    1.408202052116394,
    1.4010957479476929,
    1.389251947402954,
    1.3849165439605713,
    1.376290202140808,
    1.3738900423049927,
    1.3697882890701294,
    1.368106484413147,
    1.3604036569595337,
    1.3595242500305176,
    1.3523823022842407,
    1.3438704013824463,
    1.3359901905059814,
    1.3324942588806152,
    1.3325499296188354,
    1.330389142036438,
    1.326221227645874,
    1.3256733417510986,
    1.317710280418396,
    1.3165051937103271,
    1.3011929988861084,
    1.302504301071167,
    1.2933491468429565,
    1.2906341552734375,
    1.2937064170837402,
    1.2911462783813477,
    1.2839545011520386,
    1.284332275390625,
    1.2831212282180786,
    1.2825727462768555,
    1.2745295763015747,
    1.2741923332214355,
    1.2706853151321411,
    1.2679991722106934,
    1.2631157636642456,
    1.257256269454956,
    1.258695363998413,
    1.2590091228485107,
    1.2566627264022827,
    1.2520190477371216,
    1.2512884140014648,
    1.2507400512695312,
    1.2515259981155396,
    1.2503437995910645,
    1.2493020296096802,
    1.2433871030807495,
    1.2461756467819214
  ],
  "accuracy": [
    0.23289074003696442,
    0.25231537222862244,
    0.2577247619628906,
    0.29284486174583435,
    0.3327596187591553,
    0.35808539390563965,
    0.37923121452331543,
    0.39451685547828674,
    0.4058274030685425,
    0.41398245096206665,
    0.42099007964134216,
    0.42414554953575134,
    0.4267273247241974,
    0.4351692497730255,
    0.439595103263855,
    0.4457831382751465,
    0.4531595706939697,
    0.45807719230651855,
    0.4610687792301178,
    0.46987950801849365,
    0.47278910875320435,
    0.4805753529071808,
    0.48291122913360596,
    0.4879518151283264,
    0.4898778796195984,
    0.49225473403930664,
    0.49803295731544495,
    0.5129497647285461,
    0.5205720663070679,
    0.5221703052520752,
    0.5288910865783691,
    0.5329481363296509,
    0.5361445546150208,
    0.5397098660469055,
    0.5410212278366089,
    0.5402016043663025,
    0.5483567118644714,
    0.5445864796638489,
    0.5534382462501526,
    0.5557331442832947,
    0.55897057056427,
    0.5634374022483826,
    0.5632734894752502,
    0.5657733082771301,
    0.5650766491889954,
    0.5665109157562256,
    0.5716334581375122,
    0.5747889280319214,
    0.583271861076355,
    0.583763599395752,
    0.5842963457107544,
    0.5854848027229309,
    0.5865092873573303,
    0.5884763598442078,
    0.5899516344070435,
    0.5917957425117493,
    0.5914679169654846,
    0.5922465324401855,
    0.5960577130317688,
    0.5972461104393005,
    0.5981067419052124,
    0.5983526110649109,
    0.60113924741745,
    0.6070404052734375,
    0.6028604507446289,
    0.6058109998703003,
    0.6051962971687317,
    0.6108925342559814,
    0.6078600287437439,
    0.6074911952018738,
    0.6087615489959717,
    0.6097860932350159,
    0.6083108186721802,
    0.612080991268158,
    0.6167117357254028
  ],
  "val_loss": [
    1.8400237560272217,
    1.8208047151565552,
    1.8115521669387817,
    1.7063052654266357,
    1.6258580684661865,
    1.7723594903945923,
    1.6482560634613037,
    1.749913215637207,
    1.569858193397522,
    1.8278239965438843,
    1.6168204545974731,
    1.5435123443603516,
    1.5076459646224976,
    1.4696918725967407,
    1.4731976985931396,
    1.5119261741638184,
    1.6022828817367554,
    1.6360355615615845,
    1.4695872068405151,
    1.4298830032348633,
    1.4455938339233398,
    1.4135301113128662,
    1.5339614152908325,
    1.446295976638794,
    1.4797195196151733,
    1.4526927471160889,
    1.415064811706543,
    1.4573628902435303,
    1.3792693614959717,
    1.3652327060699463,
    1.377341389656067,
    1.4109442234039307,
    1.3621885776519775,
    1.3570252656936646,
    1.3428682088851929,
    1.3689091205596924,
    1.392886996269226,
    1.3820797204971313,
    1.4048300981521606,
    1.339701771736145,
    1.324772596359253,
    1.311661720275879,
    1.2972373962402344,
    1.3097501993179321,
    1.3117331266403198,
    1.330113172531128,
    1.3106292486190796,
    1.3075109720230103,
    1.2993086576461792,
    1.3058116436004639,
    1.2821763753890991,
    1.2855679988861084,
    1.29593825340271,
    1.286600947380066,
    1.3448526859283447,
    1.276043176651001,
    1.320719599723816,
    1.2644076347351074,
    1.2827175855636597,
    1.3156962394714355,
    1.2848440408706665,
    1.2837204933166504,
    1.3059799671173096,
    1.274588942527771,
    1.2698968648910522,
    1.2642571926116943,
    1.2865978479385376,
    1.2632784843444824,
    1.26683509349823,
    1.2690200805664062,
    1.2710198163986206,
    1.284044861793518,
    1.2624108791351318,
    1.2596884965896606,
    1.2678837776184082
  ],
  "val_accuracy": [
    0.25145113468170166,
    0.25864872336387634,
    0.2521476745605469,
    0.35964709520339966,
    0.40027862787246704,
    0.3046203851699829,
    0.4042256772518158,
    0.3501276969909668,
    0.4578593075275421,
    0.31506848335266113,
    0.4293011426925659,
    0.44416067004203796,
    0.48432785272598267,
    0.48107731342315674,
    0.46482470631599426,
    0.4662177860736847,
    0.40886929631233215,
    0.40933364629745483,
    0.5035988092422485,
    0.5110285878181458,
    0.5056884288787842,
    0.5145112872123718,
    0.4899001717567444,
    0.5166009068489075,
    0.5019735097885132,
    0.49640122056007385,
    0.5256559252738953,
    0.5142790675163269,
    0.5479452013969421,
    0.5495704412460327,
    0.5509635210037231,
    0.5414441823959351,
    0.5600185990333557,
    0.5500348210334778,
    0.5700023174285889,
    0.5551428198814392,
    0.5421407222747803,
    0.5532853603363037,
    0.5356396436691284,
    0.557464599609375,
    0.5755746364593506,
    0.5811469554901123,
    0.5850940346717834,
    0.5811469554901123,
    0.5813791751861572,
    0.5785930156707764,
    0.5890411138534546,
    0.5781286358833313,
    0.5857905745506287,
    0.586951494216919,
    0.6048293709754944,
    0.5915950536727905,
    0.5960065126419067,
    0.5957742929458618,
    0.5683770775794983,
    0.6055259108543396,
    0.580682635307312,
    0.6085442304611206,
    0.5980961322784424,
    0.5797538757324219,
    0.5932203531265259,
    0.5950777530670166,
    0.5846296548843384,
    0.5994892120361328,
    0.60691899061203,
    0.6055259108543396,
    0.5957742929458618,
    0.6018109917640686,
    0.5980961322784424,
    0.6027397513389587,
    0.599721372127533,
    0.5943812131881714,
    0.6018109917640686,
    0.6027397513389587,
    0.603204071521759
  ],