{
  "loss": [
    1.7079453468322754,
    1.6269960403442383,
    1.5974279642105103,
    1.5911799669265747,
    1.5716060400009155,
    1.5635628700256348,
    1.557104229927063,
    1.553735375404358,
    1.5406805276870728,
    1.5355017185211182,
    1.5320210456848145,
    1.5332471132278442,
    1.5264874696731567,
    1.523656964302063,
    1.5208325386047363,
    1.505118727684021,
    1.5005104541778564,
    1.493578553199768,
    1.4933383464813232,
    1.4872629642486572,
    1.5383579730987549,
    1.4696979522705078,
    1.4234451055526733,
    1.3938102722167969,
    1.3662598133087158,
    1.3421462774276733,
    1.3274518251419067,
    1.3061268329620361,
    1.2935608625411987,
    1.2697503566741943,
    1.261014461517334,
    1.2489068508148193,
    1.2314616441726685,
    1.2167258262634277,
    1.205094337463379,
    1.1940032243728638,
    1.1848620176315308,
    1.1662427186965942,
    1.1531012058258057,
    1.1417979001998901,
    1.1320922374725342,
    1.1161627769470215,
    1.1065953969955444,
    1.0924032926559448,
    1.0815045833587646,
    1.0291578769683838,
    1.021842360496521,
    1.0089699029922485,
    0.9959338903427124,
    0.9932083487510681
  ],
  "accuracy": [
    0.36386361718177795,
    0.4060322940349579,
    0.4198836088180542,
    0.4229981005191803,
    0.4366855323314667,
    0.43574297428131104,
    0.43967708945274353,
    0.4426276385784149,
    0.45016801357269287,
    0.45578232407569885,
    0.4552495777606964,
    0.45455291867256165,
    0.4575854539871216,
    0.4638144373893738,
    0.4618883728981018,
    0.47504302859306335,
    0.472625195980072,
    0.480985164642334,
    0.4830341637134552,
    0.47901812195777893,
    0.4592246413230896,
    0.49356609582901,
    0.516228199005127,
    0.535447895526886,
    0.5471682548522949,
    0.5593394041061401,
    0.5674944519996643,
    0.5787230730056763,
    0.586632251739502,
    0.6015900373458862,
    0.6054012179374695,
    0.6094992160797119,
    0.6195803880691528,
    0.62724369764328,
    0.6333087682723999,
    0.6394147872924805,
    0.6412179470062256,
    0.6524055600166321,
    0.6592082381248474,
    0.6658880710601807,
    0.670764684677124,
    0.6809278130531311,
    0.683919370174408,
    0.6937136054039001,
    0.6996147632598877,
    0.7256782054901123,
    0.7322350740432739,
    0.7387509346008301,
    0.7436685562133789,
    0.7449799180030823
  ],
  "val_loss": [
    1.6438417434692383,
    1.6093310117721558,
    1.604682445526123,
    1.5768542289733887,
    1.554880142211914,
    1.5476919412612915,
    1.5447393655776978,
    1.5650094747543335,
    1.5449144840240479,
    1.5357171297073364,
    1.5427249670028687,
    1.5370087623596191,
    1.5433992147445679,
    1.5403958559036255,
    1.5468472242355347,
    1.526687502861023,
    1.5372898578643799,
    1.5295811891555786,
    1.5275940895080566,
    1.5262619256973267,
    1.4366227388381958,
    1.3926995992660522,
    1.3716367483139038,
    1.3565104007720947,
    1.348899245262146,
    1.3480401039123535,
    1.324578881263733,
    1.2943415641784668,
    1.2936415672302246,
    1.2804864645004272,
    1.2774602174758911,
    1.274557113647461,
    1.3038933277130127,
    1.2835462093353271,
    1.2569986581802368,
    1.2509386539459229,
    1.26737642288208,
    1.2683889865875244,
    1.2607896327972412,
    1.2470639944076538,
    1.2685667276382446,
    1.263035774230957,
    1.2472940683364868,
    1.255321741104126,
    1.2631516456604004,
    1.2552416324615479,
    1.250828742980957,
    1.2445310354232788,
    1.2663307189941406,
    1.2709105014801025
  ],
  "val_accuracy": [
    0.38263291120529175,
    0.41560250520706177,
    0.41560250520706177,
    0.43557000160217285,
    0.4406779706478119,
    0.4443928599357605,
    0.4485720992088318,
    0.43139076232910156,
    0.44950079917907715,
    0.45507314801216125,
    0.4504295289516449,
    0.4546087682247162,
    0.4478755593299866,
    0.44903644919395447,
    0.4420710504055023,
    0.45693057775497437,
    0.45693057775497437,
    0.45693057775497437,
    0.4631994366645813,
    0.46366381645202637,
    0.5082423686981201,
    0.5316925644874573,
    0.5484095811843872,
    0.5539819002151489,
    0.5484095811843872,
    0.554446280002594,
    0.5628047585487366,
    0.5820757150650024,
    0.5830044150352478,
    0.6036684513092041,
    0.596470832824707,
    0.5943812131881714,
    0.5790573358535767,
    0.5913628935813904,
    0.6115625500679016,
    0.6080798506736755,
    0.606454610824585,
    0.599721372127533,
    0.6050615310668945,
    0.6145809292793274,
    0.6071511507034302,
    0.613187849521637,
    0.6208497881889343,
    0.619224488735199,
    0.6182957887649536,
    0.6247968673706055,
    0.623403787612915,
    0.625957727432251,
    0.6178314089775085,
    0.6289761066436768
  ],
  "lr": [
    0.0010000000474974513,
    0.0010000000474974513,
    0.0010000000474974513,
    0.0010000000474974513,
    0.0010000000474974513,
    0.0010000000474974513,
    0.0010000000474974513,
    0.0010000000474974513,
    0.0010000000474974513,
    0.0010000000474974513,
    0.0010000000474974513,
    0.0010000000474974513,
    0.0010000000474974513,
    0.0010000000474974513,
    0.0010000000474974513,
    0.0005000000237487257,
    0.0005000000237487257,
    0.0005000000237487257,
    0.0005000000237487257,
    0.0005000000237487257,
    4.999999873689376e-05,
    4.999999873689376e-05,
    4.999999873689376e-05,
    4.999999873689376e-05,
    4.999999873689376e-05,
    4.999999873689376e-05,
    4.999999873689376e-05,
    4.999999873689376e-05,
    4.999999873689376e-05,
    4.999999873689376e-05,
    4.999999873689376e-05,
    4.999999873689376e-05,
    4.999999873689376e-05,
    4.999999873689376e-05,
    4.999999873689376e-05,
    4.999999873689376e-05,
    4.999999873689376e-05,
    4.999999873689376e-05,
    4.999999873689376e-05,
    4.999999873689376e-05,
    4.999999873689376e-05,
    4.999999873689376e-05,
    4.999999873689376e-05,
    4.999999873689376e-05,
    4.999999873689376e-05,
    2.499999936844688e-05,
    2.499999936844688e-05,
    2.499999936844688e-05,
    2.499999936844688e-05,
    2.499999936844688e-05
  ]
}